timestamp,id,title,body,num_comments,score
2021-03-07 14:20:08,lzrkjg,$SOS STOCK,"Hello all! I am by no means a big time trader, but I have followed all of you and jumped on with you decisions. I was hoping to bring attention to the stock $SOS. This stock has been highly manipulated and a fake lawsuit has been posted Friday after market closed. I tried to email them myself and it was ‘Returned invalid email’ This is a highly shorted stock that people are taking extreme measure to short. 

Can we get some attention to this so people don’t lose all of their money because of manipulation?  Thank you!",0,1
2021-03-07 14:21:30,lzrlfk,Even more motivation from the Bahamas!,,0,1
2021-03-07 14:22:57,lzrm98,"RDR2 - Have some GODDAM FAITH WSB, WE JUST NEED MORE TENDIES!!",,2,1
2021-03-07 14:24:36,lzrnd1,Yolo update,,0,1
2021-03-07 14:27:19,lzrp2c,Is Tuesday the day? Mino-lok phase 3 65% achived ?,"
For sure...

Tuesday announcement Citius Pharmaceuticals to Feature Product Candidates Including Stem-Cell
Therapy for COVID-19-Related Acute Respiratory Conditions at H.C. Wainwright
                  Global Life Sciences Conference March 9-10


CTXR. IR

https://ir.citiuspharma.com/press-releases/detail/138/citius-pharmaceuticals-to-feature-product-candidates

BLOOMBERG

https://www.bloomberg.com/press-releases/2021-03-04/citius-pharmaceuticals-to-feature-product-candidates-including-stem-cell-therapy-for-covid-19-related-acute-respiratory-conditi

FINANCE. YAHOO
https://finance.yahoo.com/news/citius-pharmaceuticals-feature-product-candidates-151100011.html



Maybe some news for Mino-lok phase 3 

Supposed conversation whit Andrew Scott CTXR  IR

https://www.reddit.com/r/CTXR/comments/lsdxzg/update_from_sushi_of_stocktwits_fame_regarding/?utm_source=share&amp;utm_medium=mweb

Tell me what you think?",0,1
2021-03-07 14:28:39,lzrptm,$DNN,"Can we talk about the 🌙 🚀 that’s gonna be $DNN this week?

Hit $1.80 a couple weeks ago and has been building up volume since. With a solid earnings report, more focus on clean energy, and news of another stimulus finally being approved it has got to be a good week for this stock.",0,1
2021-03-07 14:31:16,lzrri5,Survival,,0,1
2021-03-07 14:31:39,lzrrq1,$GME must be on the rise again,,0,1
2021-03-07 14:32:29,lzrs6z,"AMC Earnings on Wednesday, March 10th",In or Out?,0,1
2021-03-07 14:32:45,lzrscy,The Motley Fool is telling people not to buy $GME. Thank goodness I can’t read 🚀💎🙌,,0,1
2021-03-07 14:33:07,lzrslg,Take my money GME. I'll get it back on the moon.,,0,1
2021-03-07 14:34:26,lzrtgi,AMC CEO Says He's Impressed With 'Affection And Allegiance' Of Reddit Traders,,0,1
2021-03-07 14:34:45,lzrtn4,BDSI,[removed],0,1
2021-03-07 14:36:41,lzrus8,"Let’s say the squeeze squozes and GME hits $100,000 a share. How much money would you have and how would you autistic apes spend it???📈💰🖍🦍",[removed],1,1
2021-03-07 14:37:03,lzrv1v,"Since the media is characterizing WSB as “fratty,” excludes women, etc. I’m curious- how many of us are not straight white males?","I’m not a straight white male. I won’t get into specifics, but I bet there are a hell of a lot more minorities in here than people think. We have identities ranging from ape to gay bear to retard fluid. Hands up ✋🏼",0,1
2021-03-07 14:38:03,lzrvoi,guys can you see this? elon musk statue tell tesla stock price fluctuations kekekekek,,0,1
2021-03-07 14:39:10,lzrwcf,Dm Hookup 247??,,0,1
2021-03-07 14:39:56,lzrwu7,$HCMC,"$HCMC is a great OTC stock that’s prime for investment. Over 77k watchers on Stocktwits and the subject of a few subreddits. With the stimulus package approved, I wonder if this stock will receive some extra attention. Earnings just reported and a response to $PM on or by the 15th. This one could really go to the moon.",0,1
2021-03-07 14:41:15,lzrxow,One dumb mooks case for INND,"I want to preface this by saying that none of this should be considered financial advice. I don't know all your fancy book words but I do think I see an opportunity here. Am I flat out fucking wrong?  

InnerScope Hearing Technologies, Inc. provides hearing aids and its hearable, and wearable personal sound amplifier products to retail hearing aid dispensing community. The company engages in the provision of manufacturing and direct-to-consumer distribution/retail of hearing aids, personal sound amplifier products, hearing related treatment therapies, doctor-formulated dietary hearing supplements, and proprietary CDB oil for treating tinnitus. It also owns and operates 11 audiological and retail hearing device clinics; and offers business to business SaaS based patient management system software program.

They've ready partnered with wal-mart since  2018 &amp; expected  upcoming announcements with other major retailers. They already have their own  E-commerce website  nohasslehearing.com, and have both business to business, as well business to customer models. 

Recently announced completion of FDA Medical device registration on their new line of products - Self-fitting Self-adjusting hearing aids 

 INND grew revenues by 318% year on year in 2020, while hearing aid sales as a whole dropped 18% over the same period. 

Demand for hearing products over the past year has been pushed down due to Covid. Delays in both updating of the guidelines for OTC hearing aids, as well as reduced in person audiologist visits caused an 18% reduction in overall sales in 2020. With the new guidelines under the OTC Hearing Aid Act expected any day now, and demand pushed back due to the effects of Covid-19, 2021 should see a strong rebound in hearing product sales on the back half of the year. 


Recent passage of legislation allowing OTC sales of hearing aids will remove barriers for consumers to get the devices at an affordable cost &amp; without relying on expensive audiologist visits to replace hearing devices.  This will allow new companies with innovative solutions to disrupt the industry, and take market share from other major manufacturers, while filling need left largely ignored by technological advancements over the past decades. 

Estimated CAGR 7-8% for hearing aid sales. 
8.99 billion in U.S. hearing aid/ psap sales  in 2019, projected to reach 13.38 billion by 2027. 
An estimated 37.5 million American adults report some level of hearing loss or difficulties.  Only 4.23 million units were sold in the U.S. 2019. 
About 18 percent of adults aged 20-69 have speech-frequency hearing loss in both ears from among those who report 5 or more years of exposure to very loud noise at work, as compared to 5.5 percent of adults with speech-frequency hearing loss in both ears who report no occupational noise exposure.



Putting all of these factors together I believe INND will continue to take market share from larger manufacturers over the coming decade and provide value to both shareholders and customers. I like the stock. I believe it's undervalued. But I'm just a retard with a smart phone,  what do I know.",8,1
2021-03-07 14:42:43,lzrylb,To the retards scared of diluting. Calm your smooth brains 🦍🔥$AMC BIG NEWS | AMC Issuing 500M New Shares Explained | Short Squeeze 3.0,,1,1
2021-03-07 14:44:20,lzrzmz,Motley fool believes reddit organized the squeeze,,45,1
2021-03-07 14:46:06,lzs0uz,CTRM THE NEXT GME ?!?!,,0,1
2021-03-07 14:46:34,lzs152,Oh the Money You'll Make!," ***Oh the Money You'll Make!***

Congratulations!  
Today is your day,  
You're on the subreddit  
and you've found a new play!

You've got brains in your head,  
You have feet in your shoes,  
Palantir does computer,  
How could they lose?

You know what you know,  
so you make the deposit  
You've read your DD,  
You step out of the closet

You say you'd like options,  
do you want puts or calls?  
Come on Vlad you say,  
Look at the size of my balls.

Palantir 40s,  
for the end of the week,  
""Load me up Tenev""  
You mightily speak.

Sure, says the Vlad,  
as you press market order,  
You'll make so much money  
and please reddit awarders.

Your email it dings,  
it says execution,  
but your calls suddenly drop,  
It must be institutions!

This must be the fault  
of the hedge funds you say!  
But your hands they are diamond,  
and you've still got 3 days.

The markets are slumping,  
even Cathie is dying,  
You go back to the sub,  
and the OP is crying.

You're starting to panic,  
you're down over ten stacks,  
It must have been hedgies  
short ladder attacks!

So you take out your money,  
as all stocks are in red,  
You know TQQQ calls,  
will make you some bread.

So you buy TQQQ  
and it starts to go down  
Dollar cost averaging,  
you tell all the town,

And now it's Saturday.  
The end of the week.  
You're broke behind Wendy's  
two cocks in your cheeks.

Next week is the one,  
You feel in your heart,  
As you grab a napkin  
for your cumfart.

And that's how it goes  
down at Wallstreetbets,  
Where men they drink urine,  
and get DD from pets.",11,1
2021-03-07 14:48:52,lzs297,2 CENT ATDS SHARES DOWN FROM $1.90 ARE MOVING UP NOW - MARKET COMPS SUGGEST 20X INCREASE - ZOOM AND NFL JUMPING ON BOARD,"

BioResearchAlert finds ATDS shares undiscovered and undervalued with current market cap of only $1.8 million and share price of 2 cents. Current market comps point to current ATDS share value over $.40 per share and significantly higher as current growth rate continues to accelerate

Summary

Data443 Rik Mitigation (ATDS: OTC) is a solid and fast-growing cyber security company that has seen its shares falling from $1.09 in the past 12 months to 1 cent within the past week. The company has been growing, but convertible note holders have been liquidating without regard to price and have consequently created an extremely undervalued opportunity for investors.",5,1
2021-03-07 14:51:24,lzs3dt,"Why we will be the headline of the news with GME. Piece taken from the book ""Covid19 The Great Reset"" by Klaus Schwab",[removed],0,1
2021-03-07 14:53:01,lzs4ea,I JUST LIKE THE STOCK $65&gt;$120&gt;$230&gt;$90&gt;$40&gt;$100,[deleted],0,1
2021-03-07 14:56:24,lzs6lz,This is a lot of GME we could have bought! Guess its a sign I should buy some on Monday,,0,1
2021-03-07 14:56:45,lzs6uo,Real brand,,0,1
2021-03-07 14:57:42,lzs7g7,Cut your $losses$,,0,1
2021-03-07 14:58:47,lzs86e,Use mxMka247 as your invitation code,[removed],0,1
2021-03-07 14:59:02,lzs8ci,"Yo, where I live I don't have access to tools to get in on the action, but last night I had access to a lot of beer, so here's to you, you fucking legends!",,0,1
2021-03-07 15:00:40,lzs9l0,Here's what happened on 5 March,,0,1
2021-03-07 15:00:56,lzs9rv,"Yo, here where I live I don't got access to tools to get in on the action, but last night I had access to a lot of beer. Here's to you, you fucking legends",,10,1
2021-03-07 15:00:58,lzs9so,I JUST LIKE THE STOCK: Bought at $65&gt;$120&gt;$230&gt;$90&gt;$40&gt;$100 and i’m HOLDING,,11,1
2021-03-07 15:01:28,lzsa8c,A recap of what happened on Friday,,3,1
2021-03-07 15:02:09,lzsaq7,POWER TO THE PLAYERS (🦍)!! 🚀🚀🚀,,43,1
2021-03-07 15:02:20,lzsave,Me getting ready to fight the Hedgies on Monday market open by buying more GME,,156,1
2021-03-07 15:03:02,lzsbe1,Was the moon landing faked?,,0,1
2021-03-07 15:03:32,lzsbqd,Anyone kwow when lucid motors will be available and where buy that?,[removed],0,1
2021-03-07 15:03:33,lzsbqr,GME and AMC. The payback!! 💪🦍❤️🍿🎮🚀🚀,[removed],1,1
2021-03-07 15:04:00,lzsc21,cut your $losses$,,5,1
2021-03-07 15:04:23,lzscah,Do you spend money at the companies you invest in?,"Thanks to you guys, I had extra money this month. I used it to buy about $400 of supplies to support the companies I invested in. 

Anyone else do that, or do you prefer to invest in more stocks?",0,1
2021-03-07 15:04:57,lzscq3,ROBLOX,"With ROBLOX going public in a couple of days what is your guises opinion on the IPO. 

and would it be a good investment just wondering.",0,1
2021-03-07 15:05:11,lzscw9,"Fintel is not 100% accurate on short interest, some apes take it as Gospel",,0,1
2021-03-07 15:05:37,lzsd90,🌶🎸rocks...,,0,1
2021-03-07 15:06:14,lzsdo7,Elon: Tweets about anything Reddit: ...,,7,1
2021-03-07 15:06:46,lzse1r,$VXRT to the moon 🚀🚀🚀 Top 5 most shorted &amp; 1st oral covid vaccine. 🚀🚀🚀,[removed],0,1
2021-03-07 15:06:47,lzse26,"“How do you do, fellow apes?”",,0,1
2021-03-07 15:06:54,lzse53,IAG against teje evill fonds,Big fonds betting against This stock. Should we bet against them??? I think we shouldn’t. Happy weekend,0,1
2021-03-07 15:09:36,lzsg1e,Stimulus coming!,"Buying more GME Monday morning, then I should have another $1,400 to invest soon! Let’s stimulate ourselves to the moon!",0,1
2021-03-07 15:10:49,lzsgw7,Question. Tell me if this makes sense. (Question re hypothetical for learning purposes. Not collusion.),"Morning. I’m learning about options and would appreciate some insight.

Say that 10,000 apes buy 1 in the money call option that expires Friday.

All 10,000 apes exercise that call option at 12pm Friday.

Hedgies are required to purchase - assuming they don’t already own shares - 10,000 x 100 shares to satisfy the contracts. (1,000,000 shares)

A 1 million share purchase would cause a price spike bc high demand.

And, assuming the price spike is significant, that would turn out-of-the-money calls into in-the-money calls.

Which, the new in-the-money calls could exercise, force a purchase, create another price spike, and thus continue the chain.

This would force hedgies to buy shares which would combat against their own short selling, right? And also accelerate a potential short squeeze?

Of course, this speculation assumes that hedgies must deliver shares immediately upon exercising a call option. Are they instead obligated by t+2? Even if the exercise occurs early in the day? On a Monday?

Thanks for the education in advance.

Have a good one. 💎✋🚀🌕",11,1
2021-03-07 15:10:51,lzsgx6,John T might is BRILLIANT.,,0,1
2021-03-07 15:11:35,lzshez,Ocugen &amp; Covaxin why not one is talking about it?,[removed],0,1
2021-03-07 15:12:19,lzshy2,#DOGEcoins something BIG about to happen 😍🔥 take your place on the rocket 🚀🚀🚀 ( Future Coin ),,0,1
2021-03-07 15:13:09,lzsiib,Gme,[removed],0,1
2021-03-07 15:13:30,lzsirm,People who are down on GME,,0,1
2021-03-07 15:13:35,lzsitu,Seemed Relevant,,0,1
2021-03-07 15:13:56,lzsj31,"There is NO WE in investing, only independent individuals with a common interest. FUCK THE SHILL",[removed],0,1
2021-03-07 15:14:25,lzsjh0,I’ll show how to hack your Snapchat,[removed],0,1
2021-03-07 15:15:23,lzsk64,At least my dad thinks we have sex..,,0,1
2021-03-07 15:16:00,lzskkw,ARE YOU READY FOR TAKE-OFF? Part of my NFT collection!,,5,2
2021-03-07 15:16:04,lzskml,We like the stock,,0,1
2021-03-07 15:16:34,lzskzi,Option exercise ?,[removed],0,1
2021-03-07 15:16:47,lzsl4i,Just ordered this jewel from Amazon. John T rocks. Hard.,,0,1
2021-03-07 15:17:05,lzslbv,Bought a car for my wife’s boyfriend in Oslo so he can take her out on road trips,,0,1
2021-03-07 15:17:17,lzslgg,Asking the important questions,,0,1
2021-03-07 15:17:32,lzsln5,UNCLOSED NAKED SHORT POSITIONS,[removed],0,1
2021-03-07 15:17:34,lzslnx,im gonna get banned butttttttt,[removed],0,1
2021-03-07 15:18:31,lzsmch,"This is what happens when you go against your gut instinct. Someone asked me if I worked for a hedge fund. No idea as to why anyone would ask that. since I can't reply to posts yet. let me be clear. I am a retail investor, diversified, 40+ different stocks. not a hedge fund. more like a MF 🚀🚀🚀",,9,1
2021-03-07 15:19:17,lzsmup,Which coin will be increase today,,0,1
2021-03-07 15:20:20,lzsnlk,GME SQUEZZE DD MOON SOON (possibly),"Good morning, good afternoon and good evening my fellow retards around the world.

I know many of you are more like [this](https://www.reddit.com/r/wallstreetbets/comments/k77i69/wsb_reading_citron_reports/) if it comes to reading DDs. But I wanted to explain a few things with the ultimate aim, that you dont need to do read any more DD but rather can do your own DD. As most of you cant read anyways, Ill put a TLDR with symbols at the bottom. So here we go.

# General squezze theory (I know a lot of words but reading will make you a big brain 🦍)

There are two types of squezzes:

* short squezze
* gamma squezze

**Short squezzes:**

Evil Hedgefunds and MMs sell a stock, which they dont have, in hope they can buy it back cheaper. Now price goes up --&gt; Hedgefunds have to cover to cut their losses. Otherwise there is the risk of unlimited loss, as stock price can go up infinitely. If they wait to long they get margin called, because their broker is in fear that they cant cover anymore. And no one wants to get [margin called](https://www.reddit.com/r/wallstreetbets/comments/k9v5e9/that_margin_call_notification_at_3am/).

**Gamma squezzes:**

Evil MMs (and others) sell far OTM call options. Now price goes up and suddenly those options are ITM. MMs now have to buy the stock to cover their sold options making the price surge once again bringing new formely OTM options ITM, which then again leads to the price surging. This feedback loop is called a gamma squezze. For this to happen you need to have high numbers of OTM option sold at certain strike prices. Just enough, that the next strike price is reached. It is more likely that lower strike prices are reached. MMs know that, hence they have already hedged some of there sold OTM options with these lower strike prices. This is called Delta Hedging. That means you need higher number of OTM options with lower strike prices then of those with higher strike prices to keep the Squezze going.

If you want to go even deeper I suggest you look at u/Natural_Profession_8 [post](https://www.reddit.com/r/wallstreetbets/comments/lz8mgr/a_deepdive_on_the_actual_math_behind_gamma/). He also did a formula, which you can use to calculate how to have the biggest leverage with option buying, meaning forcing MMs to buy the most shares with the purchase of option with a certain strike price.

What you always need to keep in mind for both kinds of squezze that the price run up to trigger the squezze has to be rather fast. Otherwise, there is more time to cover shorts or hedge options and hence having less effect on the price.

# Applying this to the current GME situation

**Short squezze:**

Im sorry to say that, but I dont think a squezze solely because of shorts covering will be happening any time soon. You have all seen how the short interest has dropped tremendously from the previous legendary 226%^(1) within the last to reporting dates to now 60%^(2).

^(1: 01/14/21,) [^(Yahoo Finance)](https://finance.yahoo.com/quote/GME/key-statistics?p=GME) ^(with Morningstar data, which suggests a Float of roughly 27M shares)

^(2: 02/11/21,) [^(Yahoo Finance)](https://finance.yahoo.com/quote/GME/key-statistics?p=GME) ^(with Morningstar data, which suggests a Float of roughly 27M shares)

*""But there was no volume?"".* Just look at the numbers. GME had a average Volume of 40.49M per day over the last three months. As a stock with roughly 70M shares outstanding thats a lot.^(3) AMZN had a 3 months average volume of 3.73M per day with roughly 7x the shares outstanding of GME.^(4) There was enough volume.

^(3:)  [^(Yahoo Finance)](https://finance.yahoo.com/quote/GME/key-statistics?p=GME)

^(4:)  [^(Yahoo Finance)](https://finance.yahoo.com/quote/AMZN/key-statistics?p=AMZN)

*""But what is with the institutional ownership?""* You all probably all seen these posts, where its said ""Institutions solely hold xTimes Outstanding shares of GME. So there has to be massive short interest."" (e. g. see [here](https://www.reddit.com/r/wallstreetbets/comments/lz77ix/gme_total_shares_owned_is_145m_according_to_finra/)). But what most of these Posts are missing, that there often reporting delays in between ownership filing, which is causing these high numbers. If you compare it again to AMZN, you also have institutions owning 1.5x of shares outstanding. With a company called Russell Investments Group, LLC owning over 80% of AMZN shares.^(5) That should show you, that these FINRA numbers arent correct all the time. Especially with high volumes like in GME, there are a lot of Duplicates because of reporting delays.

^(5:) [^(Finra)](https://finra-markets.morningstar.com/MarketData/EquityOptions/detail.jsp?query=126:0P000000B7)^(, Tab: Shareholders)

With that being said, the amount of GME shares hold by Institutions still seems suspiciously high to me. And there are other things like the reported 111% Short interest in XRT^(6) or the still abnormally high Short interest in GME. That means remaining shorts could still be a nice catalyst for a possible gamma squezze.

^(6:) [^(Etf channel)](https://etfchannel.com/symbol/xrt/)

**Gamma squezze:**

A gamma squezze, often underestimated compared to his brother the short squezze. But I think this was the main reason for the surge in January and the surge last week. Especially last week was probably a well set up and executed option chain by big whales.

*So how can 🦍🦍🦍 profit from a gamma squezze?* Just take a look at the current option chains. u/indonesian_activist did a great [excel sheet](https://www.reddit.com/r/wallstreetbets/comments/lxkeg0/repost_gme_squeeze_calculator/), where you can see how many shares MMs have to buy if GME reaches a certain price. Just type in the current price and the projected price.

^(Note: I did update his excel sheet with the new data, which you can find) [^(here)](https://drive.google.com/file/d/1ZYGIff3Iq7UNyo88SVevj32rcYs0oqlS/view?usp=sharing)^(. Also I added, an option on the cover, so that you can decide which Option expiring dates you want to include.)

*But how many shares are enough to cause a gamma squeeze?* This is really hard to say, but according to u/CoastalHotDog835 [post](https://www.reddit.com/r/wallstreetbets/comments/lycj6f/gme_dd_part_2_taking_a_look_at_the_0603_calls/). Last weeks surge had the following option volumes:

&gt;*1.86M shares at $55 = $102.3Million*  
&gt;  
&gt;*2.90M shares at $120 = $348Million*

So these are probably numbers we need to see again.

^(Note: These are just two Strike prices. I can not say how much other options with other strike prices e. g. 100$ played a role nor do I know how high their volume was. Unluckily most sites dont have data for the past.)

*So whats the current situation with GME options?*

For the options expiring the coming week, we need to have at least a doubling of the price to see the same amount of shares having to be bought by MMs compared with last weeks 55$ calls.

^(Note: It is not fully sufficient compare these two numbers. On the one hand in the excel there are shares already hedged deducted, which decreases the numbers of shares. On the other hand there are not only options included with the projected strike price but all options. I hope, in the absense of better numbers for the option volumes of last week as already stated above, that these two effects could equalize each other.)

&amp;#x200B;

*Processing img jm8qjkjveml61...*

But for the week after that it looks a lot better. Only a price of 190$ would be needed to see the same amount of shares having to be bought by MMs compared with last weeks 55$ calls. This is only a value increase of roughly 40%, which is very well possible. Especially if we really have some big whales on our side like, what is seeming to be the case.

&amp;#x200B;

[Shares need to be bought by MMs if GME hits 190$ for options expiring 03\/19](https://preview.redd.it/0rtacqi7fml61.png?width=1474&amp;format=png&amp;auto=webp&amp;s=da36500a6dc4406d36a091a687b722d22b40cccb)

I may be adding some more analysis thoughts later. But I will wait with that until I know people are actually reading this.

&amp;#x200B;

**TLDR: If GME 190$ until 03/19--&gt;🦍🦍🦍 on 🌕 🚀🚀🚀** **^((possibly)****)**",134,1
2021-03-07 15:20:34,lzsnrd,When Melvin &amp; the Boys trying to get me to paper hand,,5,1
2021-03-07 15:20:45,lzsnw9,Win a $100 McDonalds or Burger King Gift Card! FREE NOW,[removed],0,1
2021-03-07 15:20:52,lzsnz0,GME Round 2?,[removed],0,1
2021-03-07 15:21:47,lzsooq,PLTR and Amazon AWS partnership!!!!,,51,1
2021-03-07 15:23:44,lzsq1r,What's in place to stop brokerages from halting trading if GME or any other stock moons rapidly?,[removed],0,1
2021-03-07 15:24:57,lzsqx9,Baby ape says “ to the moon”,,0,1
2021-03-07 15:25:17,lzsr63,"woof, woof, woof",,0,1
2021-03-07 15:25:50,lzsrj1,This video has 4k views. The sub has 9.4m.,[removed],1,1
2021-03-07 15:27:09,lzssgn,When GME rockets pass the moon....,[removed],0,1
2021-03-07 15:27:52,lzst00,Raven to the sky,[removed],0,1
2021-03-07 15:28:02,lzst45,"No furreal, I'm selling!",,2,1
2021-03-07 15:28:04,lzst4s,"When you want the ""big boys"" to lose on GME but you also have a stock that you need the big boys to come in inorder to lift it up and you can make money",,2,1
2021-03-07 15:28:46,lzstlq,NAKD ON NEWS 🤣,,1,1
2021-03-07 15:28:50,lzstnu,What does this mean I can't read,,1,2
2021-03-07 15:29:40,lzsu9t,Like the man says,[removed],0,1
2021-03-07 15:33:53,lzsx8m,What is your pick for tomorrow?,[removed],0,1
2021-03-07 15:34:00,lzsxbr,The BIGGEST QUESTION we all have NOW is...GME,[removed],0,1
2021-03-07 15:34:03,lzsxd1,Twitter blocks fake wallstreetbets account,,0,1
2021-03-07 15:34:57,lzsy3t,"Alright guys let me ask honestly, what’s the most realistic price gme can reach before any of us get in trouble with the government?",[removed],0,1
2021-03-07 15:36:25,lzsz5o,So how we feeling on UWM????,,19,1
2021-03-07 15:38:47,lzt0tb,HOLD = MOON,,0,1
2021-03-07 15:39:29,lzt1cx,"WSB and GME blowing Melvin to shreds (No, not that kind of blowing)",,0,1
2021-03-07 15:39:47,lzt1m1,It’s not about the tendies anymore (the more that realize this the better),"So I joined in January with the first squeeze of gme and amc. And I thought cool a quick couple of bucks so I hopped on and started doing overall stock research riding hype trains never really gaining but losing a couple bucks here and there and eventually putting 90% of my investments back into AMC after the first price drop. But now that I’ve become aware of what’s going on I see it’s not just about making money if you are buying AMC or GME you fucking HOLD if your not going to die without the money you do not sell this is about CHANGE. these hedge funds literally make billions off the failure of the American citizen, and it seems they can influence the market pretty heavily in their favor whenever the majority is trying to get their fair share. These guys are already set for life any money they are losing from this whole squeeze is not even affecting their great grandkids inheritance. And yet they are going full blown manipulation mode to stop anything they can. Are they getting scared we will realize we are more powerful then them? I’m just curious how much longer this can go on for before something changes? Probably changes to help the hedge funds is what we will see before anything. 10 million people at 100$ each could put a pretty good fight against these guys which is why I think we will see changes to the stock market pretty soon to prevent things like this happening again and to keep the billions in their pockets.",10,2
2021-03-07 15:44:46,lzt54g,Nitro Gritti- 💎🙌 song-GME&amp;AMC 🚀🌒,[removed],1,1
2021-03-07 15:46:01,lzt5yr,They told me to diversify my account. Am i doing this right?,[deleted],0,1
2021-03-07 15:47:40,lzt747,First timer wanting to buy stocks here...,"Hello there readers, given the roumers of how reddit had gained a great deal of media, it has encouraged me to try to learn from some of the best. I've been considering buying stocks for quite some time,(I started hearing about how I can buy stocks in high school of 05 but never understood the process) but I'm often told that you have to have someone who knows the ins and outs of the trade.  I'd like to possibly learn from someone should they have time.  If I were to attempt to do so I'd like to try to find information on which stocks could be an easy win.(excluding gamestop of course because I'm pretty sure that ship has long sailed haha.) I'm hoping to get enough successful trades to potentially help with getting me a private chunk of land. I'd like to possibly start off slow and work my way up. Thanks in advance for those able to offer their advice.",0,0
2021-03-07 15:48:52,lzt7yj,Site that shows historic option chain pricing and P/L,[removed],0,1
2021-03-07 15:49:04,lzt82w,Looks like good vibes for the week!!!,,0,1
2021-03-07 15:49:09,lzt854,BTHE Boston Therapeutics is Merging with Now Private Nanomix,"So here's what I found.  Boston Therapeutics is struggling.  Nanomix needs to go public and just submitted an EUA for their Covid antigen test, successful company and will be uplisted (IMO).  At merger, there will be a 1 for 173 reverse split.  So, if at .03 per BTHE share x 173 = $5.19 per new Nanomix share.  They do have a solid product line and pipeline..

   [Nanōmix - Breakthrough Detection Solutions with the Nanoelectronic Sensation Technology](https://nano.com/)",0,1
2021-03-07 15:49:10,lzt85b,Forgive my ignorance,[removed],0,1
2021-03-07 15:53:39,lztbds,Who are the best users to follow for solid DD?,[removed],0,1
2021-03-07 15:54:12,lztbqn,A detailed view of our final approach 🚀 🚀 🚀,,0,1
2021-03-07 15:54:19,lztbtc,Free Plays for you Smooth-Brained Feces Throwing Apes,"Stop gambling your money with margin on GME and RKT which are almost certain to result in you idiots losing all of your money and play smart instead.

&amp;#x200B;

1. OIL calls / shares -- sell end of summer / beg of fall. Generationally cheap --- with re-opening AND constrained supply due to all of the green initiatives, we should see a major runup of oil prices.
2. FINANCIAL calls, in particular I like WFC due to cheap calls. It was in the 50s before COVID reared its ugly head.
3. BABA - beat down by Xi's cockhammer but still absolutely dominant in China. It's the best undervalued tech name (even better than FB in my opinion). BABA also is heavily invested in the China start-up ecosystem, so should do well even with more-than-expected regulation (which I find unlikely)

**Why I like these plays:**

These plays should do well in all 2020 environments.

* Inflation fears due to overstimulus? Oil and financials will do great while BABA, given how cheap it is, will be flat.
* Inflation fears overblown yet reopening moves forward? All 3 should do extremely well.
* New COVID strain renders current vaccines useless -- BABA will do well and oil/financials will be flat. This is just unlikely to happen, boyz. Even with new variants things will continue to open up.

The only way to lose money is if we have a zombie apocalypse.

&amp;#x200B;

**Positions**

1. WFC:  June 50c or 45c and sold 4/16 puts to pay for the calls. 1000 shares.
2. BABA: 710 shares -- no options as I don't have a good thesis on WHEN it will moon.
3. XOM, OXY, CPE, MRO, MPC -- various shares and options with different strikes from next month through August. Also selling puts to pay for the calls. 200k into it overall.

&amp;#x200B;

Good luck, my fellow troglodytes.",22,0
2021-03-07 15:54:53,lztc8b,This needs no titel,,1,2
2021-03-07 15:54:55,lztc8w,🦧 🚀 🌛,,0,1
2021-03-07 15:55:23,lztcjm,Not financial advice,[removed],0,1
2021-03-07 15:55:37,lztcpc,Guys 100% profit guaranteed! Investment idea inside here:,[removed],0,1
2021-03-07 15:55:47,lztctk,WSB Wide World Of Stocks,,4,6
2021-03-07 15:55:50,lztcue,Weren’t we all supposed to do this?,,0,1
2021-03-07 15:55:52,lztcvd,Don't miss this moonshot,[removed],0,1
2021-03-07 15:56:17,lztd5a,Gabe Plotkin visits 4Chan to explain naked shorting.,,0,1
2021-03-07 15:56:53,lztdjr,2021. The year of Motivation and Stock Manipulation.,[deleted],0,1
2021-03-07 15:57:05,lztdpp,so close i can taste it,,1,1
2021-03-07 15:57:48,lztea8,Questions about GME hedging...,[removed],0,2
2021-03-07 15:58:13,lzteke,xd,[removed],1,1
2021-03-07 15:58:51,lztezw,Kmph in upward move,[removed],1,1
2021-03-07 16:00:21,lztg62,"When it hits 100k I will buy a trumpet and learn to play ""fly me to the moon""",[removed],0,1
2021-03-07 16:00:28,lztgce,I just like the stock 🚀🍦💎🙌🏻,[deleted],1,1
2021-03-07 16:00:53,lztgnb,#They Know it! I Know It! You Know it! Cant Stop !! Won’t Stop !!🦍 🦍🦍 🚀🚀🚀 To the Moon 🌝 @Fibonacci96,,1,1
2021-03-07 16:01:06,lztgtx,Wall Street the day after the squeeze is squoze.,,2,10
2021-03-07 16:01:10,lztgvt,Scared Money Don't Make No Money.,,1,1
2021-03-07 16:02:47,lzti77,BUZZ ?,[removed],1,1
2021-03-07 16:03:47,lztixc,Disorder,,0,1
2021-03-07 16:04:14,lztj8f,Roblox,[removed],0,1
2021-03-07 16:04:28,lztjeq,Ferdinand The Hodler,[removed],0,1
2021-03-07 16:05:25,lztk3k,Facebook be like,,0,1
2021-03-07 16:06:57,lztl5n,"Time , after time 🍕🍿🥤🔜🚀🌝💎✋🏼",,1,2
2021-03-07 16:07:02,lztl7i,Hedge Funds tryna buy back GME like,,0,1
2021-03-07 16:08:28,lztmbh,"स्कूल कॉलेज को तुरंत बंद का आदेश, अभिभावकों का विरोध प्रदर्शन//school college reopen news,",,0,1
2021-03-07 16:08:49,lztmkb,March 11 💎✋🏼,,1,1
2021-03-07 16:09:19,lztmy0,"The racist ""frat"" boy shit article kills me💎✋🚀",[deleted],0,1
2021-03-07 16:09:37,lztn6x,HELP! MY TRADING APP WONT LET ME SELL GME,[removed],4,1
2021-03-07 16:09:57,lztnfw,Will Robinhood let Subscribers in on ground floor of IPO,[removed],0,1
2021-03-07 16:09:59,lztngl,The whole GME ordeal showed why normies will never win.,[removed],1,2
2021-03-07 16:10:42,lztnyc,I hated them first 👊🏼,,1,1
2021-03-07 16:10:50,lzto23,DJ Powell drop the beat~,,1,0
2021-03-07 16:10:51,lzto2d,Why did the commies/socialists find this sub? And why are they staying?,[removed],0,1
2021-03-07 16:11:10,lztoai,Indefinitely,,2,3
2021-03-07 16:11:12,lztobg,If this does turn us all into millionaires...beware of the immorality hidden in poverty.,[removed],0,1
2021-03-07 16:13:31,lztpxi,"I’m new, I need advice.",[removed],0,1
2021-03-07 16:14:27,lztqnw,"The sexiest/racist ""frat"" boy shit article kills me!💎✋🚀",,0,1
2021-03-07 16:15:01,lztr6n,Another day of huge gains! I was planning on switching brokers anyway so really they did me a favor now I don’t have to wait for funds to transfer,,0,1
2021-03-07 16:15:20,lztrfj,VISL,,0,1
2021-03-07 16:17:09,lztspa,The Algo Error That Led to The Shorts Biggest Fuck Up to Date - $FUBO,[removed],1,1
2021-03-07 16:17:22,lztsv5,Hogecoin 🚀🚀🚀🚀🚀,[removed],1,1
2021-03-07 16:20:01,lztus3,The Algo Error That Led to The Shorts Biggest Fuck Up to Date - $FUBO,[removed],1,2
2021-03-07 16:20:24,lztv2q,One penny stock that will surely go to the moon n u all know it it starts with N ñ @ |&lt; d,[removed],1,1
2021-03-07 16:21:36,lztvvn,Destination: Moon or Beyond,[removed],0,1
2021-03-07 16:23:50,lztxhg,so close…,,5,13
2021-03-07 16:24:10,lztxpu,The Algo Error That Led to The Shorts Biggest Fuck Up to Date - $FUBO,[removed],0,1
2021-03-07 16:25:41,lztyy2,What if - SEC 10 day lockdown,[removed],0,1
2021-03-07 16:25:47,lztz1u,"Friend made these earrings, what can I say she likes the stock. GME TO THE MOON 💎🚀🚀🚀🚀",,0,1
2021-03-07 16:26:02,lztz9n,Air Purifier play in a post Covid world,"I commented this on a post and thought I'd make it a post in and of itself.

Now that the world is slowly reopening with Covid still around, all eyes are on ways to reduce ways of the virus to spread. That's why I'm thinking about placing a bet on air purifier manufacturers.

A Dutch scientist found that those machines filter around 90% of aerosols out of the air during studies in a gym, an American article even puts it at 99,9%.

So I think there's going to be a huge run on these filters (and maybe even legislation demanding them to be present in buildings when it turns out the virus is indeed spread by aerosols, judgement is still out on that one)

Here's the Dutch article: https://nos.nl/l/2344215

Here's the American article: https://www.epa.gov/coronavirus/air-cleaners-hvac-filters-and-coronavirus-covid-19

I can't buy shit right now because all my money is in GME and BB, but I thought I'd share the news. Do what you want with it, I'm not someone you should listen to.",17,7
2021-03-07 16:26:29,lztzm6,Thank you Apes,[removed],1,1
2021-03-07 16:26:59,lztzzw,State Senate approves new tax on capital gains,,1,1
2021-03-07 16:27:15,lzu06c,An original variation on a popular post 🚀🚀🚀🚀,,1,8
2021-03-07 16:28:01,lzu0pn,Fidelity app sucks!,[removed],0,1
2021-03-07 16:28:02,lzu0q7,State Senate approves new tax on capital gains,,1,1
2021-03-07 16:29:11,lzu1l2,Just building that Karma...,[removed],0,1
2021-03-07 16:29:13,lzu1ll,Artistic representation of WSB,,0,1
2021-03-07 16:29:37,lzu1w5,Those that bought gme at the peak and lost it all.,[deleted],2,1
2021-03-07 16:29:55,lzu24j,YOU CAN'T HIDE SHE WILL FIND YOU,,1,1
2021-03-07 16:30:17,lzu2dy,me holding my one share of GME,[deleted],0,1
2021-03-07 16:30:35,lzu2lk,"THANK YOU AMC - GREAT Movie, service, concessions and GREAT theater! (ICEE MACHINE!!!) - what movie did you see at AMC (or are going to see!?)",,1,1
2021-03-07 16:31:37,lzu3en,Moon Money,,2,2
2021-03-07 16:32:03,lzu3qc,"This small cannabis company is trying to turn itself around, however, it's in jeopardy of failing due to unfairly being targeted by shorts. Is there anything that can be done to stop them.",[removed],0,1
2021-03-07 16:32:07,lzu3rs,Markets and lack of data transperency,"I wonder why the heck in 21st century stock markets lack data democracy and data transparency.

For example

why do we need to wait for shorts data for 15 days? Why not daily?

why do we have to do guess work on market data? Why cant it be published daily region wise, break down grouped between institutional and individual buying and selling without revealing names or any privacy data

When a particular large value trade tips market scales of a specific stock, why not more details of the trade disclosed?  I for sure know of one large trade that happened on a Friday at 3.25 PM.  It is an option put trade thar triggered back to back sale of its underlying also.  The trade value was so large for that symbol at that time of Friday, that these option and back to back underlying trades together pulled underlying price by nearly 17% in 10 mins, wiping nearly $4 Billion in market cap.  The trade size was just $1 Million.  Can you believe? i cant mention stock symbol here since discussing that symbol name here would cause bots delete this post. Those who trade in that symbol know what i am saying.

Similarly, when market sharply corrects quick time, no transparency who is selling, why they are selling, when will it normalise.  Even the present 10% correction you see, media is reporting “institutional traders may be worried of rising inflation, bond yields, insane valuations”.  Why cant media speak to top 5-10 institutions and quote them in their posts?

Points to think.

We need data transparency and data democracy. Every minute delay in data costs billions.",8,1
2021-03-07 16:32:57,lzu4dc,An answer to the article about WSB being fratty was published a couple weeks ago,[deleted],0,1
2021-03-07 16:33:08,lzu4j7,first time long time ... just girl looking for a big banana...or a bunch of small but tasty bananas what should i invest in with new stimmy?,,0,1
2021-03-07 16:33:17,lzu4nr,Why you should miss the peak and what to do with your tendies,"Ok listen up fuckbags, I spent some time in the weekend sniffing the green crayons I found and chewed the black ones. But I also did some research on what to do when you get a huge influx of money like you retarded ape are about to get when you sell each share for 500k.

I would like to state that fuck you Kenny G, and that the SEC can suck my trail mix. But I am not a financial advisor and you should not listen to me. We are not a group, and there is no we. 

First, I would like to address why you should miss the peak and sell on the way down. If you ape sell a share before the peak, you limit your upside of selling that share at a higher price AND you limit how high the peak can go, by adding liquidity to the market you help shorts leave their positions for a bargain and at the same time you screw other apes by limiting how high the peak can go. If you wait out and sell AFTER the peak, you allow the price to go its full way and you alongside other apes can sell their shares for a higher price even if you don’t sell at the peak I believe it is better to hold, miss the 1M per share peak and start selling at 700k instead of selling at 100k missing a possible 600k profit PER SHARE. But that is just me, do whatever the fuck you want. I don’t give a fuck. Again I remind you this shouldn´t be considered a coordinated sell because well, it is illegal. 

Now, once you stupid uneducated ape gets a hand on millions and for some even billions of dollars, you are going to have to start growing wrinkles in that brain of yours because if you don´t the money will leave your hands just as fast as it came and the world will not become a better place turning the greatest transfer of wealth in human history to a massive lotto winner curse that just bankrupts us.

You should spend some time at least watching YouTube videos like this one and figure out what to do with those humongous amounts of money. I will leave you some tips I found in my research.

1. Do not tell anyone

Keep it to yourself, process it, don’t go around telling people you are rich, you will only put yourself at risk or just compromise yourself to fake friends or people asking you for money.

2. Get financial advice (real one)

It is worth going to a credible institution and get help from them, you should get a lawyer, accountant, and a team to help you and assist you with all the problems and difficulties that moving, investing, and spending all that money come with. 

3. Pay your taxes

Save some money for taxes, advisors help with this but make sure your money is clean and free of any legal or federal compromise so you can use it freely without having to hide or risk going to jail for any funny business. 

4. Pay off your debt

Liquidate your credit card, your mortgage if it has a high-interest rate, and any other debt you are in, learn how to use debt to your advantage in the future.

5. Hold the money for at least 6 months in your bank account

You will have all kinds of crazy ideas of what you will be able to do with the money, let those ideas settle and mature, by not touching the money for some time you will filter out the crazy stupid ideas and keep the valuable ones, be smart and make a plan on how and what to spend the money on.

6. Don’t quit your job (yet)

We are humans and we need productivity, I don’t mean to keep your 9-5 job forever, but a huge amount of change in a small period of time will make you lose your ground. Start making a plan from today and make the changes bit by bit, let some time pass, make sure you are going in the right direction and you are doing what you want, and what is best for you. I will probably dedicate myself to start a foundation and maybe some businesses but make a plan, start slow and make the changes over time after a good amount of thought. 

7. Invest in yourself, get healthy

Learn, grow, become wealthy in your head, change your mindset, learn how money works and how to use it, this will allow you to grow your money further, and most importantly, stay wealthy. Learn all of this so you don’t get scammed or stolen from excessive fees in the financial business. Also, work out and stay healthy, I want you to enjoy your money for a long long time.

8. Do not invest in friends businesses or start a business alone right away

It is a tempting idea but doesn’t go around giving money or investing in any idea your friends have, stay smart, and go little by little, learn about how business works, and don’t spend a huge amount of money investing or starting a business by yourself, read the book “Lean Startup”

9. Prepare for change

I mean, everything, from friends to lifestyle, to wellbeing, to opportunities but also prepare to be the target of greedy or evil people who will want to take money off you.

10. 5% rule

Read about it, but basically, you live off what your money produces, you don’t live off your tendies directly instead you live off what your tendies produce.

11. Play it safe

You are already rich, don’t risk it buying weekly tesla calls. Don’t be stupid, stay rich and use your money to grow your wealth, to improve your own life, your family´s life, and the life of those around you. Start a foundation or become a Patreon of one but don’t donate huge amounts of money all at once, diversify, become a monthly contributor that way you can learn about the real needs of each nonprofit and you can help more of them. 

Suggest additional things you think are important in the comments and I will update the post.

Godspeed retards, see you all on Alpha Centauri. 

Positions: Fuck you, the floor is 100k, sealing 1M and will average sell at 500k",23,2
2021-03-07 16:33:34,lzu4uo,Next stop the Moon!!!,,1,1
2021-03-07 16:34:02,lzu560,Thank you Youtube Algo.,[removed],1,1
2021-03-07 16:35:35,lzu69b,"Anyone else on Telegram? I use to be in main chat, but now all chats im in are read only and I only keep seeing p u m p messages in WSB group and no one able to comment",[removed],0,1
2021-03-07 16:35:49,lzu6f8,Wait so I don't have to know anything about stocks? I can just act like a retard and partake in state sanctioned gambling?,[removed],0,1
2021-03-07 16:36:06,lzu6mj,An answer to that dumb article about WSB being fratty was published a couple weeks ago. (Link in comments),,1,1
2021-03-07 16:36:22,lzu6ss,When is Apple going to be $175,[removed],0,1
2021-03-07 16:37:18,lzu7lx,"Hi r/wallstreetbets, I'm a writer for my high school newspaper and I'm writing an article on the whole Gamestop situation. So, I have a few very quick questions for y'all.",[removed],0,1
2021-03-07 16:37:47,lzu7zl,"TD Ameritrade sold all my stock without my permission! Don't trust them! Help please! Lost $18,000 from them selling my stock.",,1,1
2021-03-07 16:38:40,lzu8ll,Why is WSB silencing $RKT this is messed up.,[removed],1,1
2021-03-07 16:38:41,lzu8lu,HEMP,[removed],0,1
2021-03-07 16:39:48,lzu9dv,I'm a brown woman in WSB! What the heck is this article talking about?! 😂,,0,1
2021-03-07 16:39:49,lzu9e9,Good news for market 🚀🚀🚀,,0,1
2021-03-07 16:39:49,lzu9eo,FORBES ARTICLE NOW REVEALS THE TRUTH ABOUT GME REDDITORS,,0,1
2021-03-07 16:39:52,lzu9fu,RCL,[removed],0,1
2021-03-07 16:40:06,lzu9ky,The Algo Error That Led to The Shorts Biggest Fuck Up to Date - FUBO,[removed],0,1
2021-03-07 16:40:36,lzu9y8,Is it Monday Yet,[removed],0,1
2021-03-07 16:41:02,lzua9v,TLSS A GOOD PRICE AT THIS MOMENT?,[removed],0,1
2021-03-07 16:42:36,lzubh3,Stimmy checks go brrrr,,0,1
2021-03-07 16:42:39,lzubij,"Autist, be on the lookout for SPAM &amp; FAKE accounts trying to divert us away to other stocks. I was able to spot a fake account &amp; reported to MOD for spamming. Don't let HF divide us, HOLD strong &amp; see you on the OTHERSIDE.",,0,1
2021-03-07 16:43:55,lzucev,"Premier African Minerals (LON:PREM) EPO application to expand it's Zulu lithium project by 20,200 hectares when granted, could potentially make it one the biggest lithium projects in the world #PREM","Premier African Minerals (LON:PREM) EPO application to expand it's Zulu lithium project by 20,200 hectares when granted, could potentially make it one the biggest lithium projects in the world

Most genuine shareholders believe that Zulu is huge and could be good. But just how good isn't easy to visualise. Zulu's Scoping Study or PEA if you prefer to call it that prepared by BARA Consulting helps. In that we’re given some reference pointers that are extremely useful. But although the PEA lays a marker in sand it gives very little guidance on scale and therefore potential which is what investors are keen to see and are understandably very interested in.

What BARA have done is prepared a statement of fact on a fully SAMREC compliant but relatively very short length of just one of the known lithium strikes on the existing license area. That's all they're allowed and were remitted to do. Consultants like BARA aren’t given to speculation. They have to be “mechanical” and deal with what they're asked to do. So BARA put together their Scoping Study and designed a business model for a small mine around what the Scoping Study covers and no more. That's the extent of it!

But as I say BARA’s appraisal and models were based upon just 15% of one known strike which is just a small fraction of what's been identified so far through subsequent drilling just on the current licensed area. It follows therefore that BARA’s business models must be minimalist and it should be read in that light. In just about every case mining reserves and resources increase over the Life Of Mine and mining plans change accordingly. That will apply nevermore so than in Zulu’s case.

So Prem used the Scoping Study as a basis and from it estimated an overall resource. Prem made their estimate known to shareholders saying it was an estimate and should be used for guidance only. But what Prems estimate did is give an indication of scale much better than the Scoping Study. It was based upon drill results and shouldn't be considered as simply as Prems guess. It’s much more accurate and scientific than that.

If anything, Prems' estimate was more likely to be conservative than not. Later in the drilling campaign Prem undertook further drilling to delineate newly discovered strikes that appeared to run on to the site boundaries and beyond. I believe those findings are just drillers notes and assays so far and are neither disclosed or included in Prems estimate. To get a better idea of the effect of scale here's some benchmarking and calculations of my own. If I'm near anywhere near right the results are simply breathtaking!

If the licensed area stays unaltered and we take Prems highest target resource we have a resource of 160mt's @ 1.06% Li2O. Prem derived that from the known and measured strike used in the SS and extrapolated it on a straightforward pro-rata basis. There were further strikes subsequently discovered after the SS but they weren’t counted in the estimate.

The drilling was carried out purposely to delineate those strikes up to the boundaries and perhaps helped to justify Prems EPO application.

So if we assume the 160mt's is about right. LCE prices are currently about $12k/t and rising under improving market conditions is much much stronger than the last rally that saw the LCE price top $20k/t.

The conversion factor from Li2O to LCE is x 2.473. So for ease of maths let's say the current Li2O price is $30k/t. That would give Zulu an “in-ground” value of 160m x 1.06% x $30k which is $51bn. It’s worth reiterating as I've used it later. $51bn!

The largest hard rock lithium resource in the world is owned by AVZ Minerals in the DRC and it’s resource there was increased to over 400mt's @ 1.66% Li2O giving it an ”in ground” value of $200bn on the same [basis.So](https://basis.so/) some 4x higher in value than Zulu’s estimate. But Zulu’s has only been based on the current licensed area.

Zulu is also often benchmarked against Pilbara's mine in Australia too given it's of a similar size with similar grades. But Pilbara’s development is ahead of Zulu and it’s in production now. It's resource is 216mt's @ 1.13% Li2O or something like that. So it's “in ground” value is $70 bn just less than 50% higher in value than Zulu.

All very interesting. As is the fact that Zulu’s Lithium is very high quality much higher than that of AVZ and Pilbaras . It has a very low iron content which sets it’s above most of its piers in the space. For that reason it’s sure to be much more highly sought after by battery manufacturers come the day.

These mines are massive and highly profitable at today's LCE price by any measure. Pilbara's original mining plan was to produce over 300kt’s of battery grade Spodumene from a Run Of Mine of 2mt's/annum giving the mine a LOM of over 20 years. That’s short ccompared to Zulus potential.

But that changed. Pilbara has doubled its ROM capacity to 5mt's/annum . It’s Market Cap from producing 300kt’s of Concentrate per year is $1.2bn with it’s All in Costs likely to be higher than Zulus which bodes well for Prem.

Now here's the sting in the tail. Well for other miners at least. Prem's EPO application increases Zulu's mining area from 350ha currently under license to over 20,020ha. That’s 57 x bigger!

So if you imagine the resource continues at the same density across the EPO area that would give Zulu an “in ground” value of over $2.4 trillion. That’s fifteen times higher in value than the largest mine of it's kind in the world and forty times higher in value than Pilbara. All of a sudden Pilbara starts to take the size of a minnow such is the potential of Zulu!

Some like to value mines based on the value “in-ground“. It’s a quick and easy way and it’s a method adopted quite often. We saw GR do it in one of his Webinars.

I'm not a fan of this valuation method to be honest. There are better ways to value Zulu such as benchmarking, discounted cash flows and using an earning metric which I think is most common.Far better. However now I've mentioned the “in ground “ values it's just worth saying that using a factor of 1.5% to calculate Zulu's Market Cap. Based on the current licenced area and LCE at $12k/t would be around $750m. However if LCE were to be more like $20k/t which I think is more realistic Zulu's Market Cap would be around $1.25bn

However in its larger area Zulus value would be multiples of that . But whether it would be 57 times more is questionable in my mind.

As you're probably aware, increasing the resource and/or extending the LOM has little impact on the Market Cap of a mine and its Share Price in most cases. That's understandable given profitability usually remains largely unchanged. If the production level is unaltered it simply means the mine stays operational longer. So no big deal really especially when the LOM is reasonably long anyway. However I believe Zulu's situation couldn't be more different.

As I see it if the licence area remains unchanged we're unlikely to see Zulu plan to produce Lithium Carbonate from a chemical plant on site. Due to current site area constraints if Zulu wants to produce Lithium Carbonate we may have to opt for using the shared facility in Bulawayo.

On the other hand if the licence area increases by a reasonable margin in the current EPO it may be possible for Zulu to have its own dedicated chemical plant adjacent to produce Lithium in Carbonate form.

For the purposes here I'm going to ignore the Carbonate option but wear my positive hat and assume Prems EPO application is successful. I'm going to predict Lithium prices at the point of production three years out in 2024/5.

So please bear those two things in mind. As I say I’ve tried to be conservative in other areas but in my view they’re factors that shouldn't be ignored and left unconsidered

Battery grade Spodumene was selling for around $900/t &amp; $1000/t during the last bull run when the market price for Lithium Carbonate Equivalent was around $10,500/t.That’s reflected in the BARA report too. So projected off takers prices then say $1500/t for Zulus Spodumene and $20k/t for LCE seems reasonable.

If I count the Petalite and Tantalum I'll ramble on forever and it's going to make the maths quite difficult to follow. So I've assumed they cancel each other out and ignored them. I think it's a reasonable assumption and conservative too.

I've also used Zulu’s PEA and Prospects Arcadia Mine in Zimbabwe where I can for references to make my statements and calculations more factual and less “dreamy”. There are some key non-disclosures on their offtake agreements in Prospects presentations which is a shame but understandable for confidentiality.

Prospect haven't long entered into a seven year offtake agreement with Sinomine a Chinese offtaker on a build and transfer basis. Sinomine have agreed to design and build the mine but then transfer ownership of it to Prospect in a share swap arrangement of $10m for 10% stake and an offtake agreement for 70% of the lithium Concentrate produced for the next six years.

Prospect has a say in the mine's design and takes ownership of it when it's built. They pay for it’s cost then over a three year payback period I believe. It sounds a good arrangement but Sinomines payment rates under the agreement are undisclosed so I can’t be entirely sure.

Now here's an interesting part. Prospect has the right under the agreement to divert up to 50% of their Concentrate at any time to an owned Carbonate plant. That is step change for them given they've got the room on site. Their licensed area is 4 x the size of Zulu’s current license area.

Arcadia managed to start production within a year from a “spade in the ground” which is very quick especially considering the climatic conditions. Their plan was to produce 200 kt's/annum of lithium Petalite Concentrate and over 150kt’s of Spodumene Concentrate initially and whilst those targets may have been met they’ve just opened a chemical plant and are now producing Carbonate too.

The Arcadia mine in Zimbabwe is said to one of a group of mines that are the largest hard rock lithium mines in the world. At 0.2% cut off I think they have a resource of about 75mt's at similar grades to Prem. To put that into perspective Zulu has an assessed but well estimated target of twice that on just its current licensed area. Like all appraisals logistics must be considered. It will be the pinch point for Zulu in my view. I doubt we will be able to ship much more than 300kt's/annum by road.

So with my positive hat on I like to imagine Zulu in 3 phases. Viz:-

PHASE1 DFS - I think Zulu could command a $200m to $300m Market Cap at this stage or more subject to reasonable fundamentals which I'm confident we'll see given the market outlook. If there are offers from suitors at this point Zulu’s value could be more. Substantially more and I see that as a real possibility.

I've derived the basic value from Prospects' deal with Sinomine where it was given a similar value in the same time &amp; space. So if we say Prem has 25bn shares in issue then we get to a share price contribution of around 1p to Prem. Fairly straightforward.

PHASE 2 in 2021 Zulu should be producing Lithium Concentrate. $120m Capex or thereabouts will be needed to build a Concentrate facility. So we should expect something like a 25% dilution to raise Capex finance in a 50/50 debt to equity fundraise.

Zulu should achieve a rate of 2m/t ROM/annum [u/1](https://www.reddit.com/u/1/).06% Li2O grade quite easily and similar to it’s industry peers. That would produce 300 kts &gt;6% Spodumene at a quality better than battery grade. With a $1.5k/t offtake agreement that would give Zulu a $450m/annum revenue. C3 costs or All In Costs if you prefer from the BARA report should be no more than $550/t or $165m annualised. So the Tantalum credit at 60 ppm grade should cover most of those . ""Earnings” therefore would be in the region of $375m giving Zulu's notional Market Cap of $3.75bn using a P/E ratio of 10 in an earrings metric calculation. In turn a contribution then to Prems Market Cap of $2.8bn. Prem having retained 75% ownership. This is very much in line with Pilbara’s appraisal.

Even if Prem had say 30bn shares in issue by then Zulu would contribute roughly 7p to it's SP at current exchange rates.

PHASE 3 beyond 2028 - Zulu could be one of the largest producing Lithium Carbonate mines from a hard rock source in the world. At least $500m Capex is going to be needed to build a chemical plant capable of producing 80kt's to 100kt's of Carbonate. I see most of that being funded out off WIP though with very little or no dilution or debt.

Projected revenue from the sale of 80kt's Carbonate should be near $1.6bn/annum and projected All In Costs should be around $5k/t so perhaps $400m/annum. The cost figures have come from benchmarking against Zulu's piers.

With earnings then of $1.1bn the maths tells us we're looking at a Market Cap of $10bn and therefore a contribution to Prems SP of 33p or thereabouts. I said at the beginning of this the figures would be breathtaking and I think that one certainly is! Whilst Prem's notional Market Cap wouldn’t be the highest in the Lithium space most but not all of the others are miners processing the metal from solution rather than hard rock.

It's worth reiterating that the figures I’ve arrived at for the Concentrate alternative are projected three years out and those for the Carbonate alternative are projected six years out. We could well be looking at a huge mining operation in Zulu. Quite possibly the largest of its kind in the world.

The ratios of value to cost have been derived from Zulu’s PEA and there’s some rounding for ease of maths.

It's not too difficult to imagine Zulu and/or Prem coming under pressure from hostile takeover offers at or even before the point of DFS. Especially if the licenced area is increased. I've made Prem’s management aware of my concerns and asked them to do whatever they can to protect Prems shareholders as much as possible and to take steps to mitigate this risk.

AIMHO &amp; GLA genuine shareholders.

Tedoby",3,2
2021-03-07 16:43:57,lzucft,FIII a great EV spac play 💎,[removed],1,1
2021-03-07 16:44:06,lzucjp,Dave Portnoy backed Buzz,,0,1
2021-03-07 16:44:07,lzuckc,Me when my colleagues tell me I am dumb for not buying an obviously bullish stock.,,0,1
2021-03-07 16:44:17,lzuco2,More GameStop-like short squeezes could be up ahead in the 'fragile' stock market (the Fed could halt GME when market fall and blame the retails.),,6,5
2021-03-07 16:44:24,lzucqs,GME AMC,,0,1
2021-03-07 16:44:25,lzucrd,100k in 100 Trades,,1,1
2021-03-07 16:44:45,lzud04,When you have a truckload of tendies...,,0,1
2021-03-07 16:44:57,lzud4v,✋💎,,16,5
2021-03-07 16:44:58,lzud59,Dickson St likes the stock 🚀🙌🏼💎💎,,0,1
2021-03-07 16:45:01,lzud6d,I don't like hedge funds! Do you?,[deleted],0,1
2021-03-07 16:45:29,lzudjk,Can we pick a new stock to ride this summer?,[removed],0,1
2021-03-07 16:45:43,lzudoy,"Crystal Ball, Market Future?",[removed],0,1
2021-03-07 16:45:46,lzudqb,The Algo Error That Led to The Shorts Biggest Fuck Up to Date- FUBO,"Shorts are getting blown the fuck out all over the market, its been a shit year for them and i think they're in full desperation mode. They may have just made their biggest mistake yet.

Current short interest on FUBO has been seemingly removed from popular outlets, and i think i know why - but unfortunately for shorts I can stitch their fuck-up together myself.

Get ready to laugh, look at what these dipshits did.

\*The Float is **54mm** shares\* - *same as you-know-who.*

Late February the short interest on FUBO was **27% = 14.5mm shares**

Early March, ahead of earnings, shorts added another **5mm = 19.5mm**

Now were up to 36% - large but nothing to write home about

***Ok.. get ready***

Earnings come out and show a wide EPS miss **( wait for it )**

For the rest of the week, shorts add 21 MILLION more shares short. **76% OF THE FLOAT.**

&amp;#x200B;

[Over 21mm shares added short last week](https://preview.redd.it/ge644tkixml61.jpg?width=461&amp;format=pjpg&amp;auto=webp&amp;s=bd3b4a1582ac0304d28770d9a163a1d8e52db80e)

**41 MILLION SHARES CURRENTLY SHORT.**

There are currently only 1.2mm shares left to borrow.

Quick recap before we move forward:

Shorts added approx. **26 MILLION shares short** over the last **2 weeks.**

Based on a reporting error, they now have a dogshit entry and have completed fucked themselves.

&amp;#x200B;

https://preview.redd.it/d4em4lhlxml61.jpg?width=1265&amp;format=pjpg&amp;auto=webp&amp;s=daa01620fe985bada47d8b52843c16391a9e0ac6

**There's roughly 26 million shares short over the last 2 weeks, at an estimated avg of $35.**

Shorts thought they had it in the bag, market was fuk - FUBO EPS miss was huge, so why was this one of the biggest fuck ups ive ever seen, second only to GME?

Because FUBO actually beat earnings. No, fucking destroyed them. The same way **RKT** did.

The numbers were picked up by algos and reported via media outlets *AHEAD of the company's earnings call where they revised GAAP.*

( added the details of this in first comment below to keep this short for the retards )

I can see how this reporting error was overlooked, the entire market was bleeding this week. HF’s probably saw EPS miss, “ok short it”, and then moved on to other tickers.

This has created a ticking time bomb. They might be unaware that they've just shorted one of the most aggressive growth stocks on the market today. FUBO is the #1 sports streaming service out there, by far. Now they've partnered with MLB, NBA, and Caesars Entertainment to bring to life **SPORTS BETTING** via Fubo Sportsbook.

Not only that - but management is on a media run **3.8 thru 3.15 ( remember this part )**

Its **VERY LIKELY** that management will clear up the ER reporting issue, and that HF/Shorts will realize their mistake, and this is where the fun starts.

We've all seen what happened to **RKT**, when a company crushes earnings and shorts are sent scrambling.

We all watched what happened at **GME** when HFs were forced to buy almost the entire float of a stock.

I.M.O $FUBO is positioned to have an eerily similar move, its got the same float as GameStop ( 54mm ) and 75% short - and it just crushed earnings, the way RKT did.

With stimmy passing yesterday, the market is gonna be on a green, pussy-grippin rip mission and FUBO is going with it.

Add in the 76% short interest, and 2 media conferences where management will clear up the reporting issue - we got ourselves a live one over the next 2 weeks.

Its difficult to set price targets when you have such a squeeze potential, you don't know how much retail will get involved, etc - but ill base these on market cap:

* Conservative - $60-$65 ( $6B Market Cap )
* Median $85-90 ( $10B Market Cap )
* Full on Squizz Party - $100-$120 ( $12-$13B Market Cap )

Considering the market caps of ROKU ( $45B ) and DKNG ( $24B ) i think the above is actually pretty reasonable. FUBO i.m.o will reach $200 ( $21B ) when they launch the sportsbook in Q4.

*The above is just my opinion, i am not a financial advisor or a cat, but simply an ape. This is not financial advice, i like the sports, and the stock.*",7,1
2021-03-07 16:46:07,lzudzz,Investor Sloan claiming the rocky stairs of victory,[removed],0,1
2021-03-07 16:46:50,lzueh9,Keep SPCE,[removed],0,1
2021-03-07 16:47:46,lzuf6e,NWBO data lock,[removed],0,1
2021-03-07 16:48:04,lzufeq,$BUZZ,[removed],0,1
2021-03-07 16:49:54,lzugq6,Two things are infinite: the universe and human stupidity; and I'm not sure about the universe. - Apert Einstein,[removed],0,1
2021-03-07 16:49:58,lzugsb,Help fight Female Genital Mutilations,,0,1
2021-03-07 16:50:31,lzuh5x,"This week 👀 4-RKT Stock a drop of 1.11 on March 10 Wednesday after ex dividend date of 9th A recovery by the close , will be a good sign 🪧 Appetite for RKT",,0,1
2021-03-07 16:50:41,lzuhaa,Ape explain current situation 🍌🦍💎🙌💎🚀👨‍🚀📈🎢,,0,1
2021-03-07 16:51:39,lzui14,Is the Grimes NFT worth investing in?? What's the upside?? The next 50x opportunity??,[removed],1,1
