timestamp,id,title,body,num_comments,score
2021-02-07 23:21:21,leyfdu,This post is not about GME,[removed],0,1
2021-02-07 23:21:44,leyfn1,I don't have enough to buy a billboard but I do what I can.,,0,1
2021-02-07 23:22:28,leyg4w,Hold The Line !!,,0,1
2021-02-07 23:22:48,leygdg,Is everyone still holding onto AMC? AMC TO THE MOON 🚀🚀🚀,[removed],0,1
2021-02-07 23:23:05,leygj9,OCGN to the 🌑🌑🌑🌑🚀🚀🚀🚀,[removed],0,1
2021-02-07 23:23:09,leygl6,So many accounts with NO history investing subs telling us all its over lmao 🦍💎🚀,[removed],0,1
2021-02-07 23:23:18,leygo9,CCIV IS ABOUT TO BRIND LUCID PUBLIC,[removed],0,1
2021-02-07 23:23:20,leygpa,"1 share of $GME to one lucky person who can help get the WallStreetBets Anthem to 10,000 plays. Watch and share!",,1,1
2021-02-07 23:23:25,leygre,Regardless of the diamond hands or loss porn I love this community... Holding GME just because of you guys 🔥🦍😎,[removed],0,1
2021-02-07 23:23:27,leygs6,Anyone holding KOSS stonk here?,[removed],0,1
2021-02-07 23:23:50,leyh1a,I created the two stocks we raised to the moon in minecraft!,,0,1
2021-02-07 23:23:55,leyh3a,Why all the hate to Diamond Hands?,[removed],0,1
2021-02-07 23:24:11,leyh9v,"Shared this setup, check out $PBA, it’s quite a beauty! The futures are green, you’ve gotta love this dividend stock on an uptrend momentum",,32,1
2021-02-07 23:24:13,leyhax,My Diamond Dick could sure use a good squeeze right about now...,[removed],0,1
2021-02-07 23:24:19,leyhdp,What was the real point of GME and AMC?,[removed],0,1
2021-02-07 23:24:41,leyhm9,Dogecoin !!,[removed],0,1
2021-02-07 23:25:26,leyi4t,Some good vibes.. ;),,0,1
2021-02-07 23:25:31,leyi6q,SUPERBOWL,[removed],0,1
2021-02-07 23:25:37,leyi90,Buy,[removed],0,1
2021-02-07 23:26:16,leyimb,ELTP,[removed],0,1
2021-02-07 23:26:40,leyivv,Doge to the moon,[removed],0,1
2021-02-07 23:27:44,leyjkr,"my first post, can someone please like it for no reason? 🥳",[removed],0,1
2021-02-07 23:28:09,leyjtf,You have to keep buying. Have you bought DOGE today? What are you waiting for?,[removed],0,1
2021-02-07 23:28:21,leyjwi,Buy Dogecoin! Look at Elon Musks Twitter!,[removed],0,1
2021-02-07 23:28:27,leyjyc,Fellow 🦍let's show them this week 🚀🚀🚀,,0,1
2021-02-07 23:29:48,leykvi,SAVA,[removed],0,1
2021-02-07 23:30:01,leyl05,/wsb negotiates,,5,2
2021-02-07 23:30:36,leylk5,Marjiana company of America,[removed],0,1
2021-02-07 23:30:42,leylof,Dodgecoin enters german Mainstream 💪,[removed],0,1
2021-02-07 23:30:42,leylok,THE BABY WSB ICON HAS TO BE REPLACED FOR DFV FACE... CHANGE MY MIND,[removed],0,1
2021-02-07 23:30:52,leyluk,"AMC: Not GME, an insider conundrum, and a ticking time bomb",,0,1
2021-02-07 23:30:56,leylwt,Is there a way to see upcoming IPO's?,[removed],0,1
2021-02-07 23:31:17,leym98,Don't ask me why I bought on 2018 ask why I didn't more 🏦🏦🏦,,0,1
2021-02-07 23:31:24,leymcx,Dogecoin...dice or no dice,[removed],0,1
2021-02-07 23:31:38,leymj9,DOGE,[removed],0,1
2021-02-07 23:31:39,leymjn,Don't ask me why I bought on 2018 ask why I didn't more 🏦🏦🏦,,0,1
2021-02-07 23:31:41,leymkj,coming soon let’s do this boys.,,0,1
2021-02-07 23:32:09,leymws,Dogecoin today. Is it going to be like this for the next days?,,0,1
2021-02-07 23:32:09,leymx0,Dogecoin Moving Forward,[removed],0,1
2021-02-07 23:32:48,leynbt,Anyone else makin bookoo on Dogecoin right now?,[removed],0,1
2021-02-07 23:32:50,leyncn,Robinhood Free Stock,[removed],0,1
2021-02-07 23:32:56,leyneg,💎🤚S UNITE!! UPVOTE IF YOU’RE WATCHING DOGE HIT THE MOON!!! 🚀🚀🚀🚀📈📈📈,[removed],0,1
2021-02-07 23:33:19,leynnc,CHRISTIAN SUNDAY'S TUITION GOFUNDME AT THE UNIVERSITY OF MAINE,[removed],0,1
2021-02-07 23:34:03,leyo4v,HOW TO MAKE AMC HIT THE MOON🚀,[removed],0,1
2021-02-07 23:34:13,leyo93,Who did this?,,0,1
2021-02-07 23:34:17,leyoas,Advice on SPACs,[removed],0,1
2021-02-07 23:34:19,leyobs,The BEST LOOKIN’ stock!,[removed],0,1
2021-02-07 23:34:39,leyojv,Monkee see Monkey lose 🐒,[deleted],0,1
2021-02-07 23:34:48,leyone,Rocket Mortgage RKT🔥🔥🔥🔥,[removed],0,1
2021-02-07 23:35:20,leyp1g,Doge to the moon! 🚀💎,[removed],0,1
2021-02-07 23:35:22,leyp29,"Snapshot of $GME Shorts, increasing SHORT positions.. This pic is of the biggest accounts, Mr . Melvin and Susquehanna being the biggest ones. (Recent as of 2/3) Left is previous, Right = Current",,27,7
2021-02-07 23:35:27,leyp6i,Elon musk !,[removed],0,1
2021-02-07 23:35:38,leypd0,Biotech,[removed],0,1
2021-02-07 23:36:47,leyqhf,$BBW,[removed],0,1
2021-02-07 23:36:52,leyqjb,"soo anyways? BUY and HOLD AMC, GME tomorrow?",[removed],0,1
2021-02-07 23:37:02,leyqmz,New user needing help,[removed],0,1
2021-02-07 23:37:09,leyqpe,Buy Dogcoin,[removed],0,1
2021-02-07 23:37:23,leyqv5,Amc,[removed],0,1
2021-02-07 23:37:37,leyr0j,Fresh from BB,,28,3
2021-02-07 23:37:45,leyr38,Portfolio diversity!,,0,1
2021-02-07 23:37:59,leyr88,Rising Commodities Are Near and Here to Stay,[removed],0,1
2021-02-07 23:38:12,leyrdx,There is a way to make money,[removed],0,1
2021-02-07 23:38:35,leyrm1,Treyarch is on our side,[removed],0,1
2021-02-07 23:38:45,leyrpw,CCL will go to the moon,[removed],0,1
2021-02-07 23:38:50,leyrrr,How 75% of GME Shares Are Still Shorted. S3 is Wrong.,"  

\*First off, this is my opinion based on the facts available. This is by no means financial advice. I am not a financial advisor\*

If you are not familiar with EDGAR, it is the SEC’s database for various types of company filings. One of those filings is called the 13G. 

\*“The Securities and Exchange Commission (SEC) Schedule 13G form is an alternative filing for the Schedule 13D form and is used to report a party's ownership of stock which exceeds 5% of a company's total stock issue. Schedule 13G is a shorter version of Schedule 13D with fewer reporting requirements.”\*

When a company decides to dispose of beneficial ownership of stock, and holds more then 5% of shares available, they are required to AMEND the filing 13G, making it the 13G/A. When these documents are submitted, they are filed under both the beneficial owner and issuer of stock in EDGAR. 

In the case of GameStop’s “short squeeze”, and understanding the exchange of shares during that time period, BlackRock Inc. (BLK) was the only institutional holder, owning over 5% of shares, that liquidated their position SO FAR. BlackRock Inc. liquidated 9,217,335 shares of GameStop on 1/26/2021.

[https://www.sec.gov/edgar/search/?r=el#/dateRange=custom&amp;ciks=0001364742&amp;entityName=BlackRock%2520Inc.%2520(BLK)%2520(CIK%25200001364742)&amp;startdt=2016-01-26&amp;enddt=2021-01-27&amp;page=5](https://www.sec.gov/edgar/search/?r=el#/dateRange=custom&amp;ciks=0001364742&amp;entityName=BlackRock%2520Inc.%2520(BLK)%2520(CIK%25200001364742)&amp;startdt=2016-01-26&amp;enddt=2021-01-27&amp;page=5)

\^control-f: GameStop

BlackRock is the SECOND largest institutional holder of GME, behind FMR LLC with 9,534,090 shares, according to Yahoo Finance. So… you are probably wondering, “How many shares of GME do The Top 10 Institutions hold combined ?”

[https://finance.yahoo.com/quote/GME/holders?p=GME](https://finance.yahoo.com/quote/GME/holders?p=GME)

Let’s Count:

\*FMR LLC\*   9,534,090

\*BlackRock Inc\*    - 9,217,335 (According to 13G/A)

\*Vanguard Group Inc.\* 5,288,507

\*Susquehanna International Group LLP\* 4,444,128

\*Dimensional Fund Advisors LP\*  3,948,114

\*Senvest Management LLC\*  3,225,740

\*State Street Corporation\* 2,609,487

\*Morgan Stanley\* 1,995,842

\*Paradice Investment Management LLC\* 1,832,526

\*Norges Bank Investment Management\* 1,811,792

Total: 25,472,891 Shares of GME or 25.473/46.89 = **54% of Float Shares**

&amp;#x200B;

On the same Yahoo Finance page where we found ‘Top Institutional Holder’ data, if you scroll down, you can see ‘Top Mutual Fund Holders’. Combined, these funds hold 18.75/46.89 = **40%** of float shares.

\*Note that two of these mutual funds own over 5% of shares, meaning they would need to file with the SEC if they were to sell. These two mutual funds hold **22%** of float shares. \*

Accounting for BlackRock’s liquidation, **54**% of shares are held by the Top 10 Institutional Holders at the moment. Lets say, worst case scenario, only the two biggest mutual funds are left holding shares, making that **22%** of float shares. So far, we have accounted for **76%** of all shares. 

The last data we have on short interest is \~**122%** of float shares. The media has reported numbers as low as **33%** short interest post squeeze**,** according to S3 partners. Mathematically, this is impossible. 

If short interest is truly **33%,** that means these institutional holders would have filed a 13G/A…. But they didn’t…..meaning they did not sell. This means that there is still, **at a minimum, 76% of float shares shorted.**  This is VERY high and could cause another squeeze.

**TL:DR**

As you know, lots of bagholders around the world are not selling. It just so happens that we are not alone. We have some of the BIGGEST institutions bagholding with us; **minimum** **76% of float shares in fact**. If you thought that we were the only greedy and vengeful mfs out there, you are sorrily mistaken. These institutions (i.e. Fidelity, Vanguard, Morgan Stanley) want to see this second squeeze just as much as you. Until then, HOLD THE LINE!!!",259,9
2021-02-07 23:38:53,leyrt2,💎 🙌 HOLDING 🚀 🌕 #DOGECOIN #DOGECOINTOTHEMOON,,0,1
2021-02-07 23:39:05,leyrxj,"Is it time to invest in Used Cars? Check out the 'chart'. Of course I'm joking, but look at the chart. I am not a used car salesman. I'm just here for meme stocks.",,0,1
2021-02-07 23:39:41,leysb8,From memes to riches,,0,1
2021-02-07 23:40:09,leyslv,Everyone is calling me crazy for continuing to put money on gme but fuck it. One monkey weak many monkey strong!,,0,1
2021-02-07 23:40:37,leyswy,Possible $BB vs $FB Settlement Disclosure on SEC Filing,,0,1
2021-02-07 23:40:49,leyt32,Well this deserves attention,,0,1
2021-02-07 23:41:04,leyt8j,Why is Translate Bio moving up,[removed],0,1
2021-02-07 23:41:04,leyt8q,Just the Beginning,,0,1
2021-02-07 23:41:44,leytnw,Possible $BB vs $FB Settlement Disclosure on 10k form,,0,1
2021-02-07 23:42:02,leytu9,"Up 300% YTD, Update on FUTU, new analysis in comments",,1,1
2021-02-07 23:42:14,leytyi,VeChain $75?,[removed],0,1
2021-02-07 23:42:23,leyu1r,"Yo, I paused it!",[removed],0,1
2021-02-07 23:42:56,leyud9,A couple years back r/dogecoin sponsored a car during a NASCAR race... Just saying next week is the Daytona 500 and a couple drivers still do not have sponsorship....,,0,1
2021-02-07 23:43:57,leyv1f,Going to .10 before Monday in the States?? 💎🙌🏼 waiting for another $200 to transfer from my bank and I’ll be buying more.,,0,1
2021-02-07 23:44:06,leyv4g,Yo! I had to pause this! Did anyone else happen to see this??,,0,1
2021-02-07 23:44:11,leyv6o,Dogecoin to the moon,[removed],0,1
2021-02-07 23:44:20,leyvaa,Only some of my loss porn. Expensive lessons learned but still hodling. 9/2 can't come soon enough.,[deleted],2,2
2021-02-07 23:44:33,leyvey,"Not a shill, WSB u screwed me, I'm only buying doge from now on, what did u think would happen? WSB = PAPER HANDS, DOGE = DIAMOND MOONSTONE HANDS",,0,1
2021-02-07 23:44:35,leyvg0,Just gunna send n a k d to the moon yo. Check them out,[removed],0,1
2021-02-07 23:44:49,leyvlj,A little bit of DD re: Elon's takedown of Vlad and the ongoing role of Citadel,"If you haven't listened to Elon Musk's interrogation, i mean interview, of Vlad the RH CEO then you are missing out. Here's the entire interview both audio and text:

[https://www.mrhack.io/blog/elon-musk-vlad-tenev-robinhood-ceo-full-transcript/](https://www.mrhack.io/blog/elon-musk-vlad-tenev-robinhood-ceo-full-transcript/)

Here's some spicy bits about what happened on day Robinhood sold out it's customers- Jan. 28 Thursday :

&gt;**Vlad Tenev:** And so Thursday morning, so I’m sleeping. But at three thirty a.m. Pacific, our operations team receives a file from the NSCC, which is the National Securities Clearing Corporation. So basically, as a broker, as a clearing broker, and this is where Robinhood Securities comes in, we have to put up money to the NSCC, based on some factors, including things like the volatility of the trading activity, concentration into certain securities. And this is this is the equities business. So it’s based on stock trading and not options trading or anything else.  
So they gave us a file with the deposit and the the request was around three billion dollars, which is about an order of magnitude more than what it typically is.  
**Elon Musk:** So why is this kind of like this seems like like it sounds like this is an unprecedented increase in demand for capital. What formula that they use to calculate that?  
**Vlad Tenev:** Well, yeah, and just to give context, Robinhood, up until that point, has raised a little bit around two billion dollars in total venture capital.  
Up until now. So it’s a big number, like three billion dollars. This is a large number. So basically, the and you know, the details are we don’t have the full details. It’s a little bit of an opaque formula, but there’s a component called the VAR of it, which is value at risk. And that’s based on kind of some fairly quantitative things, although it’s not it’s not fully transparent. So there are ways to reverse engineer it, but it’s not kind of publicly shared.  
And then there’s a special component, which is discretionary. So that’s that kind of acts as a multiplier and basically…  
**Elon Musk:** discretionary discretionary meaning, like it’s just their opinion.  
**Vlad Tenev:** Yeah, it’s it’s a little bit I mean, I’m sure there’s there’s definitely more more than just their opinion, but basically…  
**Elon Musk:** I mean, I guess what they’ve gone through, everyone wants to know whatever it was like, did something maybe shady go down here? Like, it just seems weird that you get a sudden ten billion dollar demand, you know, three billion or even more. Sorry, how much?  
**Vlad Tenev:** Yeah, it was three billion  
**Elon Musk:** up two to three billion around. You know, just suddenly out of nowhere and what does  
**Vlad Tenev:** I wouldn’t I wouldn’t I wouldn’t impute shadiness to it or anything like that. And actually, you know, the NSCC was reasonable subsequent to this. And they’ve been they’ve been they worked with us to actually lower it. So it was unprecedented activity. You know, we don’t I don’t have the full context about, you know, what was what was going on in what’s going on in the in that is key to make these calculations.  
But, yeah, essentially…  
**Elon Musk:** if anyone holding you hostage right now…

What Vlad calls ""the NSCC was reasonable subsequent to this..."" was the $3B deposit was lowered to $700M by the NSCC after RH suspended buy trading on GME.

Among other things that Vlad doesn't say but must know is this-

Citadel has huge influence on the DTCC/NSCC - a non-governmental industry consortium which put the demand as was well evidenced by this redditor's post:

[https://www.reddit.com/r/wallstreetbets/comments/l9ylma/my\_hot\_take\_on\_the\_influence\_citadel\_has\_over/](https://www.reddit.com/r/wallstreetbets/comments/l9ylma/my_hot_take_on_the_influence_citadel_has_over/)

Enjoy",28,2
2021-02-07 23:44:52,leyvmu,"Have fundamentals become obsolete in trading, and we should all just focus on the technicals? (Excluding long term investments)",[removed],0,1
2021-02-07 23:44:55,leyvny,Let’s get organize for tomorrow . What stock do me like the most? 🦍 🚀,[removed],0,1
2021-02-07 23:44:58,leyvox,Doge,[removed],0,1
2021-02-07 23:45:14,leyvwg,Superbowl ADD,[removed],0,1
2021-02-07 23:45:21,leyvzj,Nakd,[removed],0,1
2021-02-07 23:45:23,leyw0f,I Painted a WSB Mascot! 💎🙌🚀,,0,1
2021-02-07 23:45:29,leyw2u,Do we have a Dogecoin Billboard or advertisement at the sa SuperBowl?? 🚀🚀🚀🚀🐕🐕,,0,1
2021-02-07 23:45:45,leyw8u,Possible $BB vs $FB Settlement on 10k form?,,0,1
2021-02-07 23:46:14,leywk0,$BBW,[removed],0,1
2021-02-07 23:46:26,leywou,Apes together! HOLD! Next week...,,0,1
2021-02-07 23:46:42,leywut,"Ode to WSB from me--a new member in on GME 22 shares @ $285, AMC 1080 shares @ $15",,0,1
2021-02-07 23:46:47,leywx0,"Wtf man, not cool!",,0,1
2021-02-07 23:47:12,leyx78,Next week is the Daytona 500 and a couple teams still do not have sponsorship.... This is what a different community on Reddit did a couple years back for a different NASCAR race,,0,1
2021-02-07 23:47:21,leyxae,"Short interest on gme and why it's no longer gunna squeeze, because new SI positioning WAY higher (volume as of Friday) if you have a position it ain't looking good",,0,1
2021-02-07 23:47:23,leyxbb,"What is to stop hedge funds from illegally covering their GME shorts, and simply paying a negligible fine of a few million as opposed to hundreds of billions of dollars?","Ok so we all know that hedge funds are bullshit and buddy-buddy with one another as well as politicians, even if they occasionally war with each other as Mark Cuban said.

It seems like Robinhood, Citadel, Melvin, and everyone else who stood to lose hundreds of billions combined, came together and put a stop to the GME short squeeze.

It seems like whenever these hedge funds commit fraud, they already know beforehand and calculate the penalties into their accounting for the year. A few million, even tens of millions, is chump change for these people. They gain or lose that amount within seconds on the market. These guys stood to lose hundreds of billions if the GME squeeze was successful, but it seems like they have so many tricks and underhanded ways to deal with the squeeze, including some probably illegal stuff that they will just pay a fine for... what gives?",50,2
2021-02-07 23:47:31,leyxdt,Dogecoin?,[removed],0,1
2021-02-07 23:47:41,leyxgy,-_-,[removed],0,1
2021-02-07 23:47:44,leyxi8,Cryptocurrencies Potential,[removed],0,1
2021-02-07 23:47:46,leyxj1,I need help,[removed],0,1
2021-02-07 23:47:55,leyxme,$BBW,[removed],0,1
2021-02-07 23:48:01,leyxon,HCMC GONNA WIN THE LAWSUIT!!!,[removed],0,1
2021-02-07 23:48:21,leyxwm,GME OPEN,[removed],0,1
2021-02-07 23:48:24,leyxxw,HODL Doge!,[removed],0,1
2021-02-07 23:48:27,leyxz4,Pfizer,[removed],0,1
2021-02-07 23:49:51,leyywl,NOK FCF based price - what are we missing?,[removed],0,1
2021-02-07 23:50:12,leyz4r,YES!,,57,7
2021-02-07 23:50:33,leyzg8,Hello Guys... I don-t have a clue how to invest.. SO I BOUGHT GME,[removed],0,1
2021-02-07 23:50:51,leyzp0,Here we go again.,[deleted],0,1
2021-02-07 23:51:14,lez00v,Doge to dime!!!!,[removed],0,1
2021-02-07 23:51:34,lez0ca,GmE,[removed],0,1
2021-02-07 23:51:39,lez0eu,New targets,[removed],0,1
2021-02-07 23:51:40,lez0fu,What is the next big thing?,[removed],0,1
2021-02-07 23:51:40,lez0fz,"When it’s all you have, it hurts worse. But you know what 💎🙌🏻 fuck wall street.",,29,11
2021-02-07 23:52:41,lez1ad,Cryptos or Stock?,[removed],0,1
2021-02-07 23:52:48,lez1df,Gorilla glue!,[removed],0,1
2021-02-07 23:52:50,lez1e8,People making bank on $Dogecoin a meme crypto that was never suppose to be a serious thing while people here are holding a dead stock on principle.,[removed],0,1
2021-02-07 23:52:53,lez1f6,A summary of the past week,,14,14
2021-02-07 23:53:03,lez1ia,Doge coin you twats!!,[removed],0,1
2021-02-07 23:53:14,lez1ml,THIS IS IT!! HOW IT ALL STARTED!,[removed],0,1
2021-02-07 23:53:46,lez1y6,Help Companies regain strength,[removed],0,1
2021-02-07 23:53:49,lez1zf,Got in late but we riding $DOGE straight to Mars?,,0,1
2021-02-07 23:54:09,lez26a,Waiting on the $GME squeeze like...,,0,1
2021-02-07 23:54:19,lez2a6,Doge to the moon,[removed],0,1
2021-02-07 23:54:23,lez2b9,Going to the moon,,0,1
2021-02-07 23:54:45,lez2is,Underestimating the Hedge funds - Part 1,,11,10
2021-02-07 23:54:52,lez2li,What If Tesla accepts Dogecoins as payments few years from now?,[removed],0,1
2021-02-07 23:54:53,lez2lq,So I have 105$ to invest this week whose got those tips that can put me on the moon,,0,1
2021-02-07 23:55:12,lez2s3,New York Hedge Fund Founder (Daniel Kamensky) Pleads Guilty To Bankruptcy Fraud In Connection With Neiman Marcus Bankruptcy,[removed],0,1
2021-02-07 23:55:18,lez2ul,"NOTICE HOW GME TRADED BETWEEN 22 and 50 Day moving averages, A reversal is due to happen this week back to 150",,0,1
2021-02-07 23:55:26,lez2yr,I messed up,[removed],0,1
2021-02-07 23:55:35,lez33m,Short and Interest,[removed],0,1
2021-02-07 23:56:15,lez3o9,What’s the move this week if Chief win how will market respond vice versa if the Bucs win?,[removed],0,1
2021-02-07 23:56:25,lez3tc,Who else saw the $GME Super Bowl ad?!,,0,1
2021-02-07 23:56:40,lez41z,Not your parents PLAYBOY: How Playboy is reinventing themselves and why you should Invest $MCAC,,0,1
2021-02-07 23:57:39,lez4qu,Dogecoin... worth buying?,[removed],0,1
2021-02-07 23:57:47,lez4tp,Explain 'shorts' to your older relatives,[removed],0,1
2021-02-07 23:57:58,lez4xg,Buy DIS,[removed],0,1
2021-02-07 23:58:00,lez4y5,"Thank you Dr.Burry, a legend who's been on the right side of history TWICE",,2,1
2021-02-07 23:58:16,lez54h,They can stop us to buy GME but not dogecoin,,0,1
2021-02-07 23:58:42,lez5e7,This is how everyone should hold their Stonks💎🤲🏻💎🤲🏻💎 #BeThisGuy,,0,1
2021-02-07 23:59:01,lez5km,Will dogecoin reach 0.10 what you guys think,[removed],0,1
2021-02-07 23:59:06,lez5lu,"OTLK - Worth at Least a Small Position, Larger Position Gets You More 💵💵💵💵💰💰💰💰💰",[removed],0,1
2021-02-07 23:59:23,lez5sl,"Feb 07, 2021 | Today's Top 25 WSB Tickers",[removed],0,1
2021-02-07 23:59:45,lez60d,Here is my referral code for the BEE network. Get 1 free BEE when you join: bb1980. Download from https://bee.com/download.html,,0,1
2021-02-07 23:59:59,lez651,New the the investing world. I don’t think I’m doing too bad since I’ve made over $10 so far,,0,1
